{"type": "block", "layer": 0, "block": 0, "features": [{"geom": {"pts": [[994.3811198770418, -760.6331643057056, 0.0]], "r": 48.6}, "mtl": 0, "lbl": "丙", "lh": 100.0}, {"geom": {"pts": [[2577.8670933566173, -54.46255379728973, 0.0]], "r": 48.6}, "mtl": 0, "lbl": "丁", "lh": 100.0}, {"geom": {"pts": [[359.31779542943696, 151.5601794575341, 0.0]], "r": 48.6}, "mtl": 0, "lbl": "甲", "lh": 100.0}, {"geom": {"pts": [[-1392.1565521595185, 320.11078346148133, 0.0]], "r": 48.6}, "mtl": 0, "lbl": "乙", "lh": 100.0}], "featureCount": 4, "startIndex": 0}